{
    "loss": 0.2965293526649475,
    "accuracy": 0.9003171920776367
}